City ID,City,Country,Date,Lat,Lng,Max Temp,Humidity,Cloudiness,Wind Speed
0,Puerto Ayora,EC,2022-03-17 23:42:18,-0.7393,-90.3518,81.55,83,33,4.0
1,Rikitea,PF,2022-03-17 23:37:57,-23.1203,-134.9692,80.58,79,14,14.83
2,La Rioja,ES,2022-03-17 23:42:18,42.25,-2.5,40.78,99,100,4.85
3,Torbay,CA,2022-03-17 23:42:18,47.6666,-52.7314,33.28,76,75,10.36
4,Vyazemskiy,RU,2022-03-17 23:42:19,47.5378,134.7525,15.46,80,9,8.41
5,Mamit,IN,2022-03-17 23:42:19,23.9333,92.4833,59.38,50,46,2.91
6,Kruisfontein,ZA,2022-03-17 23:42:19,-34.0033,24.7314,60.89,84,25,5.66
7,Nauta,PE,2022-03-17 23:42:20,-4.5061,-73.5757,73.8,98,73,2.57
8,Punta Arenas,CL,2022-03-17 23:37:40,-53.15,-70.9167,41.11,60,20,17.27
9,Maracas,BR,2022-03-17 23:42:20,-13.4411,-40.4308,65.07,89,36,8.75
10,Grindavik,IS,2022-03-17 23:42:21,63.8424,-22.4338,28.87,80,75,47.18
11,Kodiak,US,2022-03-17 23:42:21,57.79,-152.4072,29.71,80,100,8.05
12,Bronnitsy,RU,2022-03-17 23:42:22,55.4194,38.2708,17.49,76,0,2.24
13,Cape Town,ZA,2022-03-17 23:42:22,-33.9258,18.4232,69.28,70,0,2.3
14,Vaini,TO,2022-03-17 23:42:22,-21.2,-175.2,82.56,83,75,13.8
15,Haines Junction,CA,2022-03-17 23:42:23,60.7522,-137.5108,40.95,42,96,6.91
16,Yendi,GH,2022-03-17 23:42:23,9.4427,-0.0099,91.18,33,92,2.35
17,Mehamn,NO,2022-03-17 23:42:23,71.0357,27.8492,35.55,75,0,10.36
18,Ciudad Valles,MX,2022-03-17 23:38:13,21.9833,-99.0167,96.6,23,0,11.52
19,Saskylakh,RU,2022-03-17 23:42:24,71.9167,114.0833,-4.38,89,100,11.27
20,Machali,CL,2022-03-17 23:42:24,-34.1833,-70.6667,67.28,52,72,3.44
21,New Norfolk,AU,2022-03-17 23:42:25,-42.7826,147.0587,64.71,44,99,4.0
22,Geraldton,AU,2022-03-17 23:42:25,-28.7667,114.6,64.81,88,37,3.44
23,Martapura,ID,2022-03-17 23:42:25,-3.4167,114.85,77.09,94,40,3.44
24,Barrow,US,2022-03-17 23:42:26,71.2906,-156.7887,-9.38,77,20,6.91
25,Marabba,SD,2022-03-17 23:42:26,12.35,32.1833,71.56,12,11,12.06
26,Jamestown,US,2022-03-17 23:37:45,42.097,-79.2353,60.44,41,0,9.22
27,Qaanaaq,GL,2022-03-17 23:42:26,77.484,-69.3632,-14.57,74,92,8.84
28,Ribeira Grande,PT,2022-03-17 23:42:27,38.5167,-28.7,61.77,86,79,40.42
29,Mataura,NZ,2022-03-17 23:42:27,-46.1927,168.8643,60.48,51,16,2.3
30,East London,ZA,2022-03-17 23:42:27,-33.0153,27.9116,67.03,76,39,12.57
31,Faanui,PF,2022-03-17 23:42:28,-16.4833,-151.75,80.78,64,0,2.13
32,Port Moresby,PG,2022-03-17 23:42:28,-9.4431,147.1797,85.42,66,20,9.22
33,Chokurdakh,RU,2022-03-17 23:42:28,70.6333,147.9167,-17.39,99,86,6.31
34,Carnarvon,AU,2022-03-17 23:42:29,-24.8667,113.6333,75.27,73,70,11.5
35,Kodar,IN,2022-03-17 23:42:29,16.9833,79.9667,73.47,86,9,9.1
36,Lasa,IT,2022-03-17 23:42:30,46.6166,10.7002,45.01,95,100,2.55
37,Neiafu,TO,2022-03-17 23:42:30,-18.65,-173.9833,81.28,83,100,5.75
38,Pochutla,MX,2022-03-17 23:42:30,15.7432,-96.4661,84.81,53,34,9.35
39,Port Alfred,ZA,2022-03-17 23:42:31,-33.5906,26.891,67.75,76,19,17.02
40,Saint-Philippe,RE,2022-03-17 23:42:31,-21.3585,55.7679,78.39,89,33,4.34
41,Dikson,RU,2022-03-17 23:42:32,73.5069,80.5464,23.29,94,100,16.46
42,Provideniya,RU,2022-03-17 23:42:32,64.3833,-173.3,5.11,56,0,15.66
43,Butaritari,KI,2022-03-17 23:42:32,3.0707,172.7902,81.27,75,10,17.11
44,Raudeberg,NO,2022-03-17 23:42:33,61.9875,5.1352,43.86,70,98,19.73
45,Busselton,AU,2022-03-17 23:42:33,-33.65,115.3333,68.31,76,96,1.54
46,Hobart,AU,2022-03-17 23:38:19,-42.8794,147.3294,65.05,55,75,14.97
47,Kalianget,ID,2022-03-17 23:42:34,-7.05,113.9333,82.13,79,98,3.71
48,Necochea,AR,2022-03-17 23:42:34,-38.5473,-58.7368,63.34,58,91,14.07
49,Faya,SA,2022-03-17 23:42:35,18.3851,42.4509,51.91,45,1,1.9
50,Cayenne,GF,2022-03-17 23:42:35,4.9333,-52.3333,81.09,1,100,5.75
51,Victoria,HK,2022-03-17 23:41:04,22.2855,114.1577,77.18,95,37,1.99
52,Fayaoue,NC,2022-03-17 23:42:35,-20.65,166.5333,81.1,73,99,1.74
53,Ushuaia,AR,2022-03-17 23:42:36,-54.8,-68.3,33.46,93,75,16.11
54,Yellowknife,CA,2022-03-17 23:42:36,62.456,-114.3525,20.41,92,100,10.36
55,Mackay,AU,2022-03-17 23:42:37,-21.15,149.2,82.69,74,94,14.97
56,Hilo,US,2022-03-17 23:42:37,19.7297,-155.09,82.13,69,75,12.66
57,Stromness,GB,2022-03-17 23:37:38,58.965,-3.296,35.56,62,21,26.93
58,Plerin,FR,2022-03-17 23:42:37,48.5425,-2.7798,39.2,92,10,1.99
59,Deputatskiy,RU,2022-03-17 23:42:38,69.3,139.9,-12.8,81,52,2.59
60,Georgetown,MY,2022-03-17 23:37:55,5.4112,100.3354,76.98,94,20,3.44
61,Boralday,KZ,2022-03-17 23:42:38,43.3578,76.8594,44.46,93,100,15.66
62,Luanda,AO,2022-03-17 23:42:38,-8.8368,13.2343,75.96,82,98,9.84
63,Albany,US,2022-03-17 23:38:44,42.6001,-73.9662,53.38,89,100,3.09
64,Broome,US,2022-03-17 23:42:39,42.2506,-75.833,57.2,70,20,3.44
65,Balbalan,PH,2022-03-17 23:42:39,17.4414,121.2019,71.35,81,18,0.78
66,Berlevag,NO,2022-03-17 23:42:40,70.8578,29.0864,35.6,87,100,18.41
67,Fukue,JP,2022-03-17 23:42:40,32.6881,128.8419,57.56,100,75,17.27
68,Fort Nelson,CA,2022-03-17 23:41:18,58.8053,-122.7002,47.79,31,75,9.22
69,Keetmanshoop,NA,2022-03-17 23:42:40,-26.5833,18.1333,72.52,53,0,5.75
70,Hithadhoo,MV,2022-03-17 23:42:41,-0.6,73.0833,83.44,68,15,12.5
71,Cabo San Lucas,MX,2022-03-17 23:41:14,22.8909,-109.9124,80.62,50,2,9.93
72,Conde,BR,2022-03-17 23:42:41,-7.2597,-34.9075,78.26,89,20,6.91
73,Ukiah,US,2022-03-17 23:39:07,39.1502,-123.2078,70.84,42,0,10.36
74,Tiksi,RU,2022-03-17 23:42:42,71.6872,128.8694,-2.83,82,77,19.26
75,Mbanza-Ngungu,CD,2022-03-17 23:42:43,-5.25,14.8667,68.95,93,92,1.41
76,Hermanus,ZA,2022-03-17 23:42:43,-34.4187,19.2345,66.79,71,2,7.92
77,Montrose,US,2022-03-17 23:42:43,38.4166,-108.2673,40.41,48,23,13.0
78,Koppang,NO,2022-03-17 23:42:44,61.5706,11.0555,33.87,97,100,7.07
79,Khatanga,RU,2022-03-17 23:42:44,71.9667,102.5,12.9,94,100,14.99
80,Kaufbeuren,DE,2022-03-17 23:42:44,47.8833,10.6167,42.22,81,100,3.44
81,Saldanha,ZA,2022-03-17 23:42:45,-33.0117,17.9442,68.05,58,1,8.95
82,Olafsvik,IS,2022-03-17 23:42:45,64.8945,-23.7142,29.32,57,100,44.09
83,Fairbanks,US,2022-03-17 23:38:15,64.8378,-147.7164,28.81,56,100,4.61
84,Altay,CN,2022-03-17 23:42:46,47.8667,88.1167,21.43,49,100,6.42
85,Kuala Lumpur,MY,2022-03-17 23:42:46,3.1431,101.6865,74.75,94,20,0.0
86,Matamoros,MX,2022-03-17 23:42:46,25.5333,-103.25,82.02,7,0,9.4
87,Tuktoyaktuk,CA,2022-03-17 23:42:47,69.4541,-133.0374,-5.8,71,75,5.75
88,Cherskiy,RU,2022-03-17 23:42:47,68.75,161.3,-1.95,84,75,7.96
89,Bluff,NZ,2022-03-17 23:42:47,-46.6,168.3333,60.8,69,11,0.22
90,Baiao,BR,2022-03-17 23:42:48,-2.7906,-49.6717,73.47,97,53,1.25
91,Kuznechnoye,RU,2022-03-17 23:42:48,61.12,29.8686,30.0,95,42,4.41
92,Hamilton,US,2022-03-17 23:38:42,39.1834,-84.5333,71.55,49,75,8.05
93,Chuy,UY,2022-03-17 23:42:49,-33.6971,-53.4616,71.08,82,99,6.85
94,Codrington,AU,2022-03-17 23:42:49,-38.2667,141.9667,61.97,73,95,13.67
95,Clyde River,CA,2022-03-17 23:42:49,70.4692,-68.5914,-19.97,69,40,14.97
96,Maraa,BR,2022-03-17 23:42:50,-1.8333,-65.3667,74.26,90,96,1.32
97,Gorom-Gorom,BF,2022-03-17 23:42:50,14.4439,-0.2361,84.43,14,46,4.83
98,Tasiilaq,GL,2022-03-17 23:42:50,65.6145,-37.6368,15.96,65,100,7.31
99,North Bend,US,2022-03-17 23:42:51,43.4065,-124.2243,55.31,83,100,12.66
100,Lake Wales,US,2022-03-17 23:42:51,27.9014,-81.5859,80.58,52,0,6.91
101,Lakes Entrance,AU,2022-03-17 23:42:52,-37.8811,147.981,66.16,85,83,7.38
102,Kahului,US,2022-03-17 23:42:52,20.8947,-156.47,87.82,45,0,19.57
103,Rudbar,AF,2022-03-17 23:42:52,30.15,62.6,56.25,46,0,16.28
104,Laguna,US,2022-03-17 23:42:53,38.421,-121.4238,75.49,32,0,6.91
105,San Patricio,US,2022-03-17 23:42:53,28.017,-97.5169,82.54,70,60,11.88
106,Abbotsford,CA,2022-03-17 23:42:53,49.058,-122.2526,44.69,92,100,2.3
107,Matagami,CA,2022-03-17 23:42:54,49.7502,-77.6328,30.31,86,100,14.97
108,Miri,MY,2022-03-17 23:42:54,4.4148,114.0089,77.14,100,20,3.44
109,Te Anau,NZ,2022-03-17 23:42:54,-45.4167,167.7167,65.26,49,5,1.21
110,Cap Malheureux,MU,2022-03-17 23:42:55,-19.9842,57.6142,77.47,91,1,4.59
111,Avarua,CK,2022-03-17 23:38:02,-21.2078,-159.775,82.45,74,88,6.91
112,Bud,US,2022-03-17 23:42:55,39.447,-86.1758,71.58,69,71,4.94
113,Ternate,ID,2022-03-17 23:42:56,0.8,127.4,82.9,74,99,5.03
114,Mar Del Plata,AR,2022-03-17 23:42:57,-38.0023,-57.5575,68.09,82,75,12.66
115,Salinopolis,BR,2022-03-17 23:42:57,-0.6136,-47.3561,77.88,85,86,8.01
116,Paamiut,GL,2022-03-17 23:42:57,61.994,-49.6678,13.01,94,100,11.03
117,Acapulco,MX,2022-03-17 23:42:30,16.8634,-99.8901,78.62,83,20,12.66
118,San Martin,AR,2022-03-17 23:42:58,-33.081,-68.4681,73.94,43,61,16.15
119,Sebinkarahisar,TR,2022-03-17 23:42:58,40.2883,38.4236,17.55,94,100,4.36
120,Salalah,OM,2022-03-17 23:42:58,17.0151,54.0924,82.49,32,1,28.77
121,Kapaa,US,2022-03-17 23:42:59,22.0752,-159.319,80.92,63,0,12.66
122,Suez,EG,2022-03-17 23:42:59,29.9737,32.5263,52.45,64,0,9.44
123,Nouadhibou,MR,2022-03-17 23:43:00,20.931,-17.0347,66.18,72,2,23.02
124,Moissala,TD,2022-03-17 23:43:00,8.3404,17.7663,77.22,15,100,5.35
125,Sobolevo,RU,2022-03-17 23:43:02,54.4299,31.8996,7.57,97,16,2.37
126,Morro Bay,US,2022-03-17 23:43:02,35.3658,-120.8499,78.12,67,85,8.01
127,Challans,FR,2022-03-17 23:43:02,46.8436,-1.8749,43.0,79,11,12.66
128,Lebu,CL,2022-03-17 23:43:03,-37.6167,-73.65,55.72,75,0,21.7
129,College,US,2022-03-17 23:43:03,64.8569,-147.8028,28.8,55,75,4.61
130,Lambarene,GA,2022-03-17 23:43:03,-0.7001,10.2406,75.47,96,88,2.95
131,Bac Lieu,VN,2022-03-17 23:43:04,9.285,105.7244,80.02,80,64,4.34
132,Ginda,IN,2022-03-17 23:43:04,30.6945,78.4932,56.73,21,97,6.91
133,Tuatapere,NZ,2022-03-17 23:43:05,-46.1333,167.6833,64.67,55,5,2.75
134,Sitka,US,2022-03-17 23:40:50,57.0531,-135.33,44.49,70,100,14.97
135,Kaele,CM,2022-03-17 23:43:05,10.1092,14.4508,80.37,12,93,12.17
136,Wells,GB,2022-03-17 23:43:06,51.2079,-2.649,49.19,90,89,5.41
137,Bambous Virieux,MU,2022-03-17 23:43:06,-20.3428,57.7575,77.25,88,20,3.44
138,Gainesville,US,2022-03-17 23:41:03,29.6516,-82.3248,75.31,65,0,11.5
139,Tra Vinh,VN,2022-03-17 23:43:07,9.9347,106.3453,79.03,81,26,3.71
140,Bredasdorp,ZA,2022-03-17 23:43:07,-34.5322,20.0403,54.72,88,7,1.14
141,Castro,BR,2022-03-17 23:43:07,-24.7911,-50.0119,66.33,94,60,5.08
142,Leningradskiy,RU,2022-03-17 23:43:08,69.3833,178.4167,-1.57,77,98,18.95
143,Katsuura,JP,2022-03-17 23:43:08,35.1333,140.3,48.22,86,100,14.85
144,Karratha,AU,2022-03-17 23:43:09,-20.7377,116.8463,94.91,29,40,11.97
145,Bathsheba,BB,2022-03-17 23:43:09,13.2167,-59.5167,79.41,73,40,20.71
146,Batsfjord,NO,2022-03-17 23:43:10,70.6345,29.7185,34.03,90,100,22.21
147,Nome,US,2022-03-17 23:38:30,64.5011,-165.4064,12.27,57,0,5.75
148,The Valley,AI,2022-03-17 23:43:10,18.217,-63.0578,78.66,83,40,11.5
149,Boguchany,RU,2022-03-17 23:43:11,58.3814,97.4531,8.31,98,100,2.06
150,Goderich,CA,2022-03-17 23:43:11,43.7501,-81.7165,50.32,66,75,1.14
151,Okhotsk,RU,2022-03-17 23:43:11,59.3833,143.3,11.25,78,100,5.41
152,Camacha,PT,2022-03-17 23:43:12,33.0833,-16.3333,56.62,67,75,10.36
153,Santa Maria,BR,2022-03-17 23:41:07,-29.6842,-53.8069,76.3,88,0,3.44
154,Matara,LK,2022-03-17 23:43:12,5.9485,80.5353,76.35,80,94,2.93
155,Hami,CN,2022-03-17 23:43:13,42.8,93.45,41.85,52,61,8.61
156,Hasaki,JP,2022-03-17 23:43:13,35.7333,140.8333,43.2,77,100,21.79
157,Bethel,US,2022-03-17 23:43:13,41.3712,-73.414,54.09,92,100,2.73
158,Kuala Terengganu,MY,2022-03-17 23:43:14,5.3302,103.1408,76.95,94,20,3.44
159,Margate,GB,2022-03-17 23:43:14,51.3813,1.3862,47.7,81,43,4.0
160,Lagoa,PT,2022-03-17 23:43:14,39.05,-27.9833,60.39,85,76,41.96
161,Alta Floresta,BR,2022-03-17 23:43:15,-9.8756,-56.0861,72.84,96,99,2.26
162,Nuristan,AF,2022-03-17 23:43:15,35.3,70.8333,29.95,65,4,8.16
163,San Borja,BO,2022-03-17 23:43:16,-14.8167,-66.85,74.26,80,30,2.21
164,Aklavik,CA,2022-03-17 23:43:16,68.2191,-135.0107,-0.4,65,75,3.44
165,Upernavik,GL,2022-03-17 23:43:16,72.7868,-56.1549,-20.25,75,33,5.73
166,Lubango,AO,2022-03-17 23:43:17,-14.9172,13.4925,57.7,65,86,2.77
167,Atuona,PF,2022-03-17 23:43:17,-9.8,-139.0333,79.07,69,1,15.32
168,Sao Joao Da Barra,BR,2022-03-17 23:43:18,-21.6403,-41.0511,78.55,84,0,16.91
169,Rawson,AR,2022-03-17 23:43:18,-43.3002,-65.1023,54.9,32,23,16.11
170,Svetlogorsk,BY,2022-03-17 23:43:19,52.6333,29.7333,25.23,72,6,3.85
171,Cockburn Town,TC,2022-03-17 23:41:54,21.4612,-71.1419,78.76,69,40,17.27
172,Airai,TL,2022-03-17 23:43:19,-8.9266,125.4092,63.3,88,100,1.61
173,Thompson,CA,2022-03-17 23:43:20,55.7435,-97.8558,35.76,69,75,9.22
174,Nhulunbuy,AU,2022-03-17 23:43:20,-12.2333,136.7667,86.61,84,40,5.75
175,Nyurba,RU,2022-03-17 23:43:21,63.2842,118.3319,-12.75,100,95,2.15
176,Severo-Kurilsk,RU,2022-03-17 23:43:21,50.6789,156.125,32.27,92,99,20.6
177,Chumikan,RU,2022-03-17 23:43:21,54.7183,135.315,17.2,93,100,10.16
178,Karakol,KG,2022-03-17 23:43:22,42.4907,78.3936,37.08,78,100,3.02
179,Pangnirtung,CA,2022-03-17 23:43:22,66.1451,-65.7125,-10.19,99,100,2.33
180,Zhezkazgan,KZ,2022-03-17 23:43:23,47.8043,67.7144,17.67,95,100,7.67
181,Tiznit,MA,2022-03-17 23:43:23,29.5833,-9.5,54.95,86,98,2.84
182,Gornyy,RU,2022-03-17 23:43:24,55.1153,83.9059,-8.28,100,100,1.95
183,Ahipara,NZ,2022-03-17 23:43:24,-35.1667,173.1667,71.92,58,72,5.01
184,Bellevue,US,2022-03-17 23:39:48,47.6104,-122.2007,53.08,81,100,9.22
185,Warrington,GB,2022-03-17 23:43:25,53.3925,-2.5802,48.33,88,40,5.75
186,Majene,ID,2022-03-17 23:43:25,-3.5403,118.9707,81.75,78,100,3.69
187,Roald,NO,2022-03-17 23:43:25,62.5833,6.1333,42.75,87,40,11.5
188,Ilulissat,GL,2022-03-17 23:43:26,69.2167,-51.1,-0.38,46,14,17.27
189,Port Macquarie,AU,2022-03-17 23:40:13,-31.4333,152.9167,76.89,64,42,5.06
190,Nikolskoye,RU,2022-03-17 23:43:26,59.7035,30.7861,31.89,95,6,3.67
191,Mogadishu,SO,2022-03-17 23:43:27,2.0371,45.3438,79.03,79,79,17.56
192,Port Elizabeth,ZA,2022-03-17 23:43:27,-33.918,25.5701,65.32,95,0,8.05
193,Constitucion,CL,2022-03-17 23:43:27,-35.3333,-72.4167,57.69,79,1,11.79
194,Sao Filipe,CV,2022-03-17 23:43:28,14.8961,-24.4956,71.01,70,19,10.0
195,Coihaique,CL,2022-03-17 23:40:21,-45.5752,-72.0662,48.15,57,40,5.75
196,Rocha,UY,2022-03-17 23:43:28,-34.4833,-54.3333,72.52,75,99,5.73
197,Minot,US,2022-03-17 23:40:35,48.2325,-101.2963,43.02,70,0,6.91
198,Mahebourg,MU,2022-03-17 23:43:29,-20.4081,57.7,77.29,88,20,3.44
199,Bandarbeyla,SO,2022-03-17 23:43:29,9.4942,50.8122,77.14,75,9,12.35
200,Hobyo,SO,2022-03-17 23:43:30,5.3505,48.5268,78.6,76,26,14.0
201,Gat,IL,2022-03-17 23:43:30,31.61,34.7642,52.39,100,3,3.51
202,Susuman,RU,2022-03-17 23:43:31,62.7833,148.1667,-7.96,82,93,2.28
203,Rondonopolis,BR,2022-03-17 23:42:46,-16.4708,-54.6356,74.57,94,78,4.23
204,Umm Kaddadah,SD,2022-03-17 23:43:31,13.6017,26.6876,58.28,17,90,12.01
205,Mardin,TR,2022-03-17 23:41:47,37.3131,40.7436,32.36,64,94,3.0
206,La Palma,US,2022-03-17 23:43:31,33.8464,-118.0467,86.27,27,40,20.71
207,Plaster Rock,CA,2022-03-17 23:43:32,46.9065,-67.39,45.12,100,100,5.73
208,Champerico,GT,2022-03-17 23:43:32,14.3,-91.9167,82.94,63,3,9.89
209,Norman Wells,CA,2022-03-17 23:43:33,65.282,-126.8329,1.44,71,100,6.91
210,Whitehorse,CA,2022-03-17 23:40:33,60.7161,-135.0538,41.09,54,75,9.22
211,Cidreira,BR,2022-03-17 23:43:33,-30.1811,-50.2056,74.03,89,30,8.77
212,Kavaratti,IN,2022-03-17 23:43:34,10.5669,72.642,82.22,73,82,9.26
213,Kazachinskoye,RU,2022-03-17 23:43:34,57.6953,93.2761,15.15,96,100,3.91
214,Kaitangata,NZ,2022-03-17 23:43:34,-46.2817,169.8464,61.75,59,39,6.35
215,Guerrero Negro,MX,2022-03-17 23:43:35,27.9769,-114.0611,69.62,51,0,16.24
216,Quilali,NI,2022-03-17 23:43:35,13.567,-86.026,81.01,56,73,9.33
217,Blonie,PL,2022-03-17 23:43:36,52.1985,20.6171,39.11,67,12,8.16
218,Solnechnyy,RU,2022-03-17 23:43:36,50.7214,136.6319,15.85,90,100,2.57
219,Roebourne,AU,2022-03-17 23:43:37,-20.7833,117.1333,94.53,32,60,13.06
220,Lazaro Cardenas,MX,2022-03-17 23:43:37,17.9583,-102.2,80.2,54,32,10.31
221,Klaksvik,FO,2022-03-17 23:43:37,62.2266,-6.589,38.32,68,74,31.81
222,Galesong,ID,2022-03-17 23:43:38,-5.3166,119.3661,77.02,81,100,4.52
223,Kibakwe,TZ,2022-03-17 23:43:38,-6.7167,36.3667,63.18,98,70,2.51
224,Woodward,US,2022-03-17 23:43:39,36.4337,-99.3904,56.43,85,100,23.02
225,Mount Isa,AU,2022-03-17 23:43:39,-20.7333,139.5,87.57,29,51,5.75
226,Tougue,GN,2022-03-17 23:43:39,11.4667,-11.6,76.01,25,51,1.63
227,Ambulu,ID,2022-03-17 23:43:40,-8.345,113.6058,79.41,88,100,1.39
228,Macau,MO,2022-03-17 23:39:38,22.2006,113.5461,73.85,100,75,1.14
229,Krasnoselkup,RU,2022-03-17 23:43:41,65.7,82.4667,10.85,93,100,13.49
230,Poum,NC,2022-03-17 23:43:41,-20.2333,164.0167,80.31,78,100,3.76
231,Logan,US,2022-03-17 23:41:33,41.7355,-111.8344,49.21,52,0,4.61
232,Lagos,NG,2022-03-17 23:42:47,6.5833,3.75,81.27,84,100,6.04
233,Hofn,IS,2022-03-17 23:43:42,64.2539,-15.2082,34.03,75,51,36.44
234,Manokwari,ID,2022-03-17 23:43:42,-0.8667,134.0833,82.87,70,76,4.18
235,Romny,UA,2022-03-17 23:43:43,50.751,33.4747,16.83,93,32,8.32
236,Kampong Thum,KH,2022-03-17 23:43:43,12.7111,104.8887,80.76,67,79,7.63
237,Namibe,AO,2022-03-17 23:43:43,-15.1961,12.1522,71.76,73,67,5.19
238,Huaidian,CN,2022-03-17 23:43:44,33.4333,115.0333,41.72,45,100,4.65
239,Sept-Iles,CA,2022-03-17 23:43:44,50.2001,-66.3821,28.92,95,100,6.91
240,Vallenar,CL,2022-03-17 23:43:44,-28.5708,-70.7581,70.32,50,54,2.98
241,Ribeira Brava,PT,2022-03-17 23:43:45,32.65,-17.0667,59.72,72,32,5.88
242,Eucaliptus,BO,2022-03-17 23:43:45,-17.5833,-67.5167,50.14,65,46,6.4
243,Vila Franca Do Campo,PT,2022-03-17 23:43:46,37.7167,-25.4333,63.19,88,100,23.29
244,Kompaniyivka,UA,2022-03-17 23:43:46,48.2511,32.208,22.75,73,62,13.2
245,Merke,KZ,2022-03-17 23:43:47,42.8728,73.1786,38.53,98,100,4.25
246,Raahe,FI,2022-03-17 23:43:47,64.6833,24.4833,33.89,78,1,14.9
247,Port Hardy,CA,2022-03-17 23:43:47,50.6996,-127.4199,48.38,81,75,10.36
248,Malakal,SS,2022-03-17 23:43:48,9.5334,31.6605,77.31,15,10,4.45
249,Mareeba,AU,2022-03-17 23:43:49,-17.0,145.4333,76.44,86,100,4.21
250,Bintulu,MY,2022-03-17 23:43:49,3.1667,113.0333,77.41,100,20,3.44
251,Vizinga,RU,2022-03-17 23:43:49,61.0749,50.1031,23.92,97,99,2.68
252,Vila Velha,BR,2022-03-17 23:43:50,-20.3297,-40.2925,80.55,83,75,11.5
253,Kirakira,SB,2022-03-17 23:43:50,-10.4544,161.9205,84.96,69,74,6.71
254,San Policarpo,PH,2022-03-17 23:43:51,12.1791,125.5072,82.35,79,82,7.61
255,Vestmannaeyjar,IS,2022-03-17 23:43:51,63.4427,-20.2734,34.79,70,100,41.58
256,Alofi,NU,2022-03-17 23:43:51,-19.0595,-169.9187,82.29,83,75,8.05
257,Groningen,NL,2022-03-17 23:42:09,53.25,6.75,42.03,83,8,3.44
258,Hambantota,LK,2022-03-17 23:43:52,6.1241,81.1185,78.8,75,76,6.06
259,Taraz,KZ,2022-03-17 23:43:52,42.9,71.3667,37.81,93,100,4.47
260,Funtua,NG,2022-03-17 23:43:53,11.5233,7.3081,71.35,16,100,9.71
261,Sambava,MG,2022-03-17 23:43:53,-14.2667,50.1667,75.29,93,85,3.31
262,Adrar,MR,2022-03-17 23:43:53,20.5022,-10.0711,64.08,37,0,9.17
263,Atasu,KZ,2022-03-17 23:43:54,48.6814,71.6433,19.58,96,100,5.28
264,Bhatkal,IN,2022-03-17 23:43:54,13.9667,74.5667,77.45,87,98,3.51
265,Ciudad Ojeda,VE,2022-03-17 23:43:55,10.1964,-71.3082,83.41,64,40,10.36
266,Aktash,RU,2022-03-17 23:43:55,50.3,87.7333,-13.77,81,80,3.96
267,Arys,KZ,2022-03-17 23:43:55,42.4252,68.795,38.21,95,100,7.74
268,Gulariya,NP,2022-03-17 23:43:56,28.2333,81.3333,71.06,42,95,2.53
269,Sur,OM,2022-03-17 23:43:56,22.5667,59.5289,77.88,55,2,5.17
270,Lorengau,PG,2022-03-17 23:43:57,-2.0226,147.2712,85.46,64,28,10.33
271,Lookan,PH,2022-03-17 23:43:57,5.037,120.1027,83.43,73,84,7.4
272,Biak,ID,2022-03-17 23:43:58,-0.9131,122.8766,78.19,84,99,3.42
273,Synya,RU,2022-03-17 23:43:58,65.3718,58.0387,20.57,97,94,4.94
274,San Rafael Del Sur,NI,2022-03-17 23:43:58,11.8485,-86.4384,88.77,53,12,12.5
275,Ihlow,DE,2022-03-17 23:43:59,51.8833,13.3333,45.43,81,75,6.91
276,Havelock,US,2022-03-17 23:43:59,34.8791,-76.9013,64.98,76,40,12.66
277,Nanortalik,GL,2022-03-17 23:43:59,60.1432,-45.2371,8.29,73,39,8.9
278,Luderitz,NA,2022-03-17 23:44:00,-26.6481,15.1594,67.84,64,32,1.57
279,Yaritagua,VE,2022-03-17 23:44:00,10.08,-69.1261,72.01,87,46,6.29
280,Tadepalle,IN,2022-03-17 23:44:00,16.4833,80.6,73.35,86,28,4.56
281,Saint Pete Beach,US,2022-03-17 23:44:01,27.7253,-82.7412,74.19,63,0,6.91
282,Acarau,BR,2022-03-17 23:44:01,-2.8856,-40.12,77.43,87,97,7.83
283,Bure,ET,2022-03-17 23:44:02,10.7,37.0667,64.58,56,98,0.65
284,Namli,IN,2022-03-17 23:44:02,23.4333,75.05,76.84,17,46,6.89
285,Cap-Aux-Meules,CA,2022-03-17 23:44:03,47.3821,-61.8597,35.65,75,75,17.27
286,Markova,UA,2022-03-17 23:40:06,48.6758,24.4138,22.37,71,23,3.27
287,Ust-Nera,RU,2022-03-17 23:44:03,64.5667,143.2,-0.49,79,43,1.81
288,Portland,US,2022-03-17 23:40:35,45.5234,-122.6762,52.52,81,100,7.0
289,Kakonko,TZ,2022-03-17 23:44:04,-3.2828,30.9642,62.73,98,100,2.44
290,Naze,JP,2022-03-17 23:44:04,28.3667,129.4833,65.32,91,100,21.92
291,Buenos Aires,AR,2022-03-17 23:41:55,-34.6132,-58.3772,79.79,73,0,2.3
292,Kangaatsiaq,GL,2022-03-17 23:44:05,68.3065,-53.4641,-10.1,81,97,9.84
293,Bangangte,CM,2022-03-17 23:44:05,5.1409,10.5198,63.9,78,78,3.69
294,Baykit,RU,2022-03-17 23:44:06,61.67,96.37,-7.15,100,96,1.52
295,Zabol,AF,2022-03-17 23:44:06,32.25,67.25,59.81,22,0,4.63
296,Sovetskiy,RU,2022-03-17 23:44:07,61.3614,63.5842,7.7,99,89,3.27
297,Souillac,MU,2022-03-17 23:44:07,-20.5167,57.5167,77.38,88,20,3.44
298,Puerto Del Rosario,ES,2022-03-17 23:44:09,28.5004,-13.8627,60.55,67,100,9.22
299,Daru,PG,2022-03-17 23:44:09,-9.0763,143.2092,83.26,77,100,5.57
300,La Tuque,CA,2022-03-17 23:44:10,47.4334,-72.7824,37.65,100,100,2.3
301,Bereda,ES,2022-03-17 23:44:10,43.2686,-7.5406,42.58,76,6,9.08
302,Ballina,AU,2022-03-17 23:44:10,-28.8667,153.5667,75.38,86,100,5.75
303,Talcahuano,CL,2022-03-17 23:44:11,-36.7167,-73.1167,62.28,59,0,16.11
304,Carutapera,BR,2022-03-17 23:44:11,-1.195,-46.02,75.27,94,53,4.25
305,Les Cayes,HT,2022-03-17 23:44:11,18.2,-73.75,76.62,74,18,9.19
306,Biltine,TD,2022-03-17 23:44:12,14.5333,20.9167,67.51,8,89,16.13
307,Farafangana,MG,2022-03-17 23:44:12,-22.8167,47.8333,76.17,94,100,4.9
308,Porto Santo,PT,2022-03-17 23:44:13,33.072,-16.3415,59.38,67,75,10.36
309,Lompoc,US,2022-03-17 23:44:13,34.6391,-120.4579,72.79,75,40,21.99
310,Saint Anthony,US,2022-03-17 23:44:14,45.0205,-93.218,46.33,63,0,10.36
311,Martinsville,US,2022-03-17 23:39:43,36.6915,-79.8725,70.48,52,75,0.0
312,Redlands,US,2022-03-17 23:44:14,34.0556,-117.1825,82.24,15,0,9.22
313,Wanxian,CN,2022-03-17 23:44:14,30.8039,108.3897,64.92,83,46,4.21
314,Prince Rupert,CA,2022-03-17 23:40:07,54.3161,-130.3201,46.09,87,100,12.66
315,Tura,IN,2022-03-17 23:44:15,25.5198,90.2201,70.11,43,78,1.81
316,Arraial Do Cabo,BR,2022-03-17 23:44:15,-22.9661,-42.0278,78.76,78,0,13.8
317,Serta,PT,2022-03-17 23:44:16,39.8085,-8.0988,51.94,66,3,6.69
318,Ekibastuz,KZ,2022-03-17 23:44:16,51.6667,75.3667,-3.98,99,100,7.23
319,Gualaco,HN,2022-03-17 23:44:17,15.05,-86.05,89.44,58,49,3.85
320,Saint George,US,2022-03-17 23:44:17,37.1041,-113.5841,66.25,15,0,3.44
321,Bilma,NE,2022-03-17 23:44:17,18.6853,12.9164,68.94,11,5,8.34
322,Zlate Moravce,SK,2022-03-17 23:44:18,48.3855,18.4006,38.86,73,34,1.99
323,Neuquen,AR,2022-03-17 23:44:18,-38.9516,-68.0591,69.69,37,0,3.44
324,Fortuna,US,2022-03-17 23:44:19,40.5982,-124.1573,58.93,68,0,12.66
325,Honiara,SB,2022-03-17 23:44:19,-9.4333,159.95,86.4,61,53,5.37
326,Tongliao,CN,2022-03-17 23:44:19,43.6125,122.2653,18.79,72,100,9.8
327,Ishigaki,JP,2022-03-17 23:44:20,24.3448,124.1572,75.33,88,75,10.36
328,Chimbarongo,CL,2022-03-17 23:44:20,-34.7,-71.05,70.68,49,17,3.27
329,Chor,PK,2022-03-17 23:44:21,25.5167,69.7667,73.2,52,1,11.1
330,Sosva,RU,2022-03-17 23:44:25,59.1766,61.8558,6.73,99,99,3.22
331,Belaya Gora,RU,2022-03-17 23:44:25,68.5333,146.4167,-11.83,99,99,2.93
332,Baia,RO,2022-03-17 23:44:25,47.4167,26.2167,27.46,65,94,2.84
333,Ventosa,PT,2022-03-17 23:44:26,39.127,-9.0842,57.31,70,23,5.5
334,Tsumeb,NA,2022-03-17 23:44:26,-19.2333,17.7167,65.64,54,76,8.81
335,Oktyabrskoye,RU,2022-03-17 23:44:26,43.0645,44.7417,21.34,92,50,11.18
336,Dali,CN,2022-03-17 23:44:27,25.7,100.1833,53.62,63,77,2.13
337,Xingyi,CN,2022-03-17 23:44:28,24.1877,102.817,55.53,61,61,1.48
338,Kavieng,PG,2022-03-17 23:44:28,-2.5744,150.7967,85.68,62,88,12.37
339,Meulaboh,ID,2022-03-17 23:44:28,4.1363,96.1285,76.6,84,100,7.96
340,Am Timan,TD,2022-03-17 23:44:29,11.0297,20.2827,74.98,14,69,6.69
341,Richards Bay,ZA,2022-03-17 23:44:29,-28.783,32.0377,64.74,78,0,2.24
342,Isangel,VU,2022-03-17 23:44:30,-19.55,169.2667,84.76,70,93,5.84
343,Umea,SE,2022-03-17 23:44:30,63.8284,20.2597,35.53,80,75,14.97
344,Suntar,RU,2022-03-17 23:44:30,62.1444,117.6319,-12.17,100,94,2.98
345,Shiloh,US,2022-03-17 23:44:31,38.5614,-89.8973,74.93,43,0,11.5
346,Bengkulu,ID,2022-03-17 23:44:31,-3.8004,102.2655,75.96,88,98,12.93
347,Esperance,AU,2022-03-17 23:44:31,-33.8667,121.9,66.04,69,42,13.56
348,Babanka,UA,2022-03-17 23:44:32,48.7097,30.4483,24.3,74,13,11.1
349,Orapa,BW,2022-03-17 23:44:32,-21.2833,25.3667,63.14,89,100,14.67
350,Cooma,AU,2022-03-17 23:44:32,-36.2333,149.1333,67.77,77,1,4.61
351,San Cristobal,VE,2022-03-17 23:39:42,7.7669,-72.225,75.38,73,42,2.06
352,Kushmurun,KZ,2022-03-17 23:44:33,52.4503,64.6311,-11.87,100,72,6.55
353,Camabatela,AO,2022-03-17 23:44:33,-8.1881,15.375,61.14,92,69,1.03
354,Priladozhskiy,RU,2022-03-17 23:44:34,59.85,31.4833,22.53,1,7,4.61
355,Qaqortoq,GL,2022-03-17 23:44:17,60.7167,-46.0333,0.66,70,83,8.99
356,Libreville,GA,2022-03-17 23:42:18,0.3925,9.4537,80.28,83,83,7.87
357,Zaozerne,UA,2022-03-17 23:44:34,45.1582,33.2787,27.19,70,89,15.86
358,Longyearbyen,SJ,2022-03-17 23:44:35,78.2186,15.6401,28.24,74,75,28.77
359,San Quintin,MX,2022-03-17 23:44:35,30.4833,-115.95,65.75,63,0,7.9
360,Aysha,RU,2022-03-17 23:44:36,55.8704,48.6319,5.65,99,89,2.93
361,Port Blair,IN,2022-03-17 23:44:36,11.6667,92.75,78.84,94,75,1.14
362,Iqaluit,CA,2022-03-17 23:44:37,63.7506,-68.5145,-2.47,65,100,9.22
363,Gizo,SB,2022-03-17 23:44:37,-8.103,156.8419,84.43,71,44,9.89
364,Kitakata,JP,2022-03-17 23:44:37,37.65,139.8667,38.66,96,100,2.57
365,Orbetello,IT,2022-03-17 23:44:38,42.4408,11.2196,55.42,62,100,5.75
366,Los Llanos De Aridane,ES,2022-03-17 23:44:38,28.6585,-17.9182,58.75,72,100,14.0
367,Zhigalovo,RU,2022-03-17 23:44:39,54.8097,105.1578,8.38,97,99,2.73
368,Kizhinga,RU,2022-03-17 23:44:39,51.8462,109.9097,-2.69,99,50,1.25
369,Jaleswar,NP,2022-03-17 23:44:40,26.6471,85.8008,72.14,34,71,5.48
370,Alugan,PH,2022-03-17 23:44:40,12.2188,125.4808,82.31,78,79,7.34
371,Ereymentau,KZ,2022-03-17 23:44:41,51.6199,73.1033,-1.66,98,100,9.22
372,Binzhou,CN,2022-03-17 23:44:41,37.3667,118.0167,35.19,49,99,6.11
373,Haapsalu,EE,2022-03-17 23:44:41,58.9431,23.5414,36.91,59,0,13.67
374,Ust-Ilimsk,RU,2022-03-17 23:44:42,58.0006,102.6619,11.68,96,100,3.76
375,Qena,EG,2022-03-17 23:44:42,26.1615,32.7183,57.4,23,0,5.64
376,Pisco,PE,2022-03-17 23:44:43,-13.7,-76.2167,73.45,73,0,6.91
377,Port Lincoln,AU,2022-03-17 23:44:43,-34.7333,135.8667,67.1,76,54,15.12
378,Galveston,US,2022-03-17 23:42:32,29.3669,-94.9669,69.19,92,55,5.99
379,Galapagar,ES,2022-03-17 23:44:44,40.5783,-4.0043,47.16,78,100,3.87
380,Rong Kwang,TH,2022-03-17 23:44:44,18.339,100.3174,81.45,79,58,1.21
381,Puqi,CN,2022-03-17 23:44:44,29.7167,113.8833,46.87,85,99,3.24
382,Xiaoweizhai,CN,2022-03-17 23:44:45,26.1903,107.5125,60.51,95,100,3.4
383,Port-Cartier,CA,2022-03-17 23:44:45,50.0334,-66.8654,28.62,96,100,4.52
384,Chara,RU,2022-03-17 23:44:46,56.9064,118.2631,-6.48,80,86,0.4
385,Pevek,RU,2022-03-17 23:44:46,69.7008,170.3133,-14.04,91,64,8.5
386,Kargasok,RU,2022-03-17 23:44:47,59.0556,80.8572,0.95,100,100,4.54
387,Villa Maria,AR,2022-03-17 23:44:47,-32.4075,-63.2402,74.82,77,99,1.19
388,Hakkari,TR,2022-03-17 23:44:47,37.5833,44.1667,8.65,97,95,1.5
389,Haputale,LK,2022-03-17 23:44:48,6.7681,80.9595,62.92,79,100,3.22
390,Chancay,PE,2022-03-17 23:44:48,-11.5714,-77.2672,71.58,81,19,7.27
391,Mojo,ET,2022-03-17 23:44:48,8.6,39.1167,62.17,73,47,7.18
392,Waipawa,NZ,2022-03-17 23:44:49,-41.4122,175.5153,56.03,61,92,6.89
393,Coquimbo,CL,2022-03-17 23:44:49,-29.9533,-71.3436,64.13,82,20,8.05
394,Bonthe,SL,2022-03-17 23:44:50,7.5264,-12.505,77.67,82,33,8.79
395,Saint-Joseph,RE,2022-03-17 23:44:50,-21.3667,55.6167,77.38,89,24,4.85
396,Beringovskiy,RU,2022-03-17 23:44:50,63.05,179.3167,1.8,68,5,15.5
397,Tual,ID,2022-03-17 23:44:51,-5.6667,132.75,83.66,75,56,4.5
398,Vila,PT,2022-03-17 23:44:51,42.0304,-8.1588,45.48,63,11,5.03
399,Kamen-Na-Obi,RU,2022-03-17 23:44:51,53.7884,81.3423,-8.18,100,95,4.56
400,Mount Gambier,AU,2022-03-17 23:44:52,-37.8333,140.7667,64.31,82,100,11.5
401,Komsomolskiy,UZ,2022-03-17 23:44:52,40.4272,71.7189,48.92,66,75,20.71
402,Taboao Da Serra,BR,2022-03-17 23:44:52,-23.6261,-46.7917,80.65,73,20,6.91
403,Inta,RU,2022-03-17 23:44:53,66.0317,60.1659,22.69,93,94,11.34
404,Preobrazheniye,RU,2022-03-17 23:44:53,42.9019,133.9064,26.73,46,70,3.2
405,Havoysund,NO,2022-03-17 23:44:54,70.9963,24.6622,35.74,80,100,7.94
406,Dunedin,NZ,2022-03-17 23:44:54,-45.8742,170.5036,60.8,66,76,5.01
407,Maniitsoq,GL,2022-03-17 23:44:54,65.4167,-52.9,3.15,94,100,10.0
408,Kilindoni,TZ,2022-03-17 23:44:55,-7.9139,39.6668,81.1,75,50,8.59
409,Lingao,CN,2022-03-17 23:44:55,19.9103,109.6859,74.01,84,68,6.29
410,Igunga,TZ,2022-03-17 23:44:56,-4.2833,33.8833,64.31,96,100,1.03
411,Kloulklubed,PW,2022-03-17 23:44:56,7.0419,134.2556,81.1,76,21,13.67
412,Yagodnoye,RU,2022-03-17 23:44:56,62.55,149.6667,0.72,59,95,2.17
413,Qandala,SO,2022-03-17 23:44:57,11.472,49.8728,75.63,65,7,2.64
414,Hun,LY,2022-03-17 23:44:57,29.1268,15.9477,64.99,12,71,14.9
415,Henties Bay,NA,2022-03-17 23:44:57,-22.116,14.2845,64.26,78,0,6.26
416,Chirongui,YT,2022-03-17 23:44:58,-12.9319,45.1483,78.73,76,100,3.06
417,Goksun,TR,2022-03-17 23:44:58,38.021,36.4973,12.96,97,72,2.21
418,Skibbereen,IE,2022-03-17 23:44:58,51.55,-9.2667,43.38,87,14,2.28
419,Darnah,LY,2022-03-17 23:44:59,32.767,22.6367,53.73,76,0,5.1
420,Nizwa,OM,2022-03-17 23:44:59,22.9333,57.5333,71.44,40,0,2.39
421,North Vanlaiphai,IN,2022-03-17 23:45:00,23.1333,93.0667,50.47,49,27,2.93
422,Turukhansk,RU,2022-03-17 23:45:00,65.8167,87.9833,3.51,97,100,8.37
423,Amga,RU,2022-03-17 23:45:00,60.8953,131.9608,6.04,92,100,5.35
424,Ossora,RU,2022-03-17 23:45:01,59.2353,163.0719,8.98,70,4,4.94
425,Den Helder,NL,2022-03-17 23:45:01,52.9599,4.7593,42.98,93,23,6.91
426,Takoradi,GH,2022-03-17 23:45:02,4.8845,-1.7554,80.58,85,94,8.01
427,Marawi,PH,2022-03-17 23:45:02,7.9986,124.2928,74.93,79,83,1.03
428,Mazatlan,MX,2022-03-17 23:45:03,23.2167,-106.4167,75.9,67,0,5.01
429,Alice Springs,AU,2022-03-17 23:45:03,-23.7,133.8833,81.95,32,62,5.75
430,Manavalakurichi,IN,2022-03-17 23:45:03,8.1333,77.3,78.48,88,47,10.18
431,Ancud,CL,2022-03-17 23:45:04,-41.8697,-73.8203,47.23,69,83,7.54
432,Mutis,CO,2022-03-17 23:45:04,6.2262,-77.4044,77.67,84,70,0.29
433,Magaria,NE,2022-03-17 23:45:05,12.9983,8.9099,73.18,13,80,10.92
434,Lokosovo,RU,2022-03-17 23:45:05,61.1333,74.8167,-4.52,100,100,4.5
435,Ikare,NG,2022-03-17 23:45:06,7.4913,5.2322,75.97,91,100,4.68
436,Buala,SB,2022-03-17 23:45:06,-8.145,159.5921,85.93,61,71,8.32
437,Elko,US,2022-03-17 23:45:06,41.0002,-115.5012,50.02,30,100,5.01
438,Sao Joaquim,BR,2022-03-17 23:45:07,-28.2939,-49.9317,57.92,96,24,2.17
439,Porto Novo,BJ,2022-03-17 23:45:07,6.4965,2.6036,84.02,80,95,9.35
440,Dalbandin,PK,2022-03-17 23:45:08,28.8947,64.4101,73.29,20,0,7.31
441,Sharjah,AE,2022-03-17 23:42:22,25.3573,55.4033,70.09,64,20,10.36
442,Phalodi,IN,2022-03-17 23:45:08,27.1333,72.3667,78.03,18,20,8.97
443,Evensk,RU,2022-03-17 23:45:08,61.95,159.2333,11.66,68,3,4.97
444,Phetchaburi,TH,2022-03-17 23:45:09,12.9667,99.5833,77.27,79,90,2.1
445,Vao,NC,2022-03-17 23:45:09,-22.6667,167.4833,78.3,70,100,5.64
446,Lagunas,PE,2022-03-17 23:45:09,-5.2269,-75.6753,74.07,98,86,2.71
447,Heide,DE,2022-03-17 23:45:10,54.2,9.1,37.85,90,2,6.76
448,Ponta Do Sol,PT,2022-03-17 23:45:11,32.6667,-17.1,60.06,69,31,5.55
449,San Andres Del Rabanedo,ES,2022-03-17 23:45:11,42.6117,-5.6167,41.72,45,0,4.61
450,Fayetteville,US,2022-03-17 23:42:38,35.0527,-78.8784,71.82,64,0,5.75
451,Batemans Bay,AU,2022-03-17 23:45:11,-35.7167,150.1833,72.1,65,4,6.62
452,Yoichi,JP,2022-03-17 23:45:12,43.2039,140.7703,33.03,70,86,6.71
453,Monte Alegre,BR,2022-03-17 23:45:12,-2.0078,-54.0692,76.28,90,60,3.47
454,Marsaxlokk,MT,2022-03-17 23:45:12,35.8419,14.5431,58.08,82,75,14.97
455,Amapa,BR,2022-03-17 23:45:13,1.0,-52.0,72.7,98,100,3.2
456,Koksovyy,RU,2022-03-17 23:45:16,48.1967,40.5989,20.12,81,92,11.25
457,Nador,MA,2022-03-17 23:45:16,35.174,-2.9287,59.25,77,75,2.3
458,Humaita,BR,2022-03-17 23:45:17,-7.5061,-63.0208,72.97,96,92,2.06
459,La Ronge,CA,2022-03-17 23:45:17,55.1001,-105.2842,50.25,25,40,9.22
460,Nishihara,JP,2022-03-17 23:45:18,26.1842,127.7558,69.85,94,100,21.85
461,Emerald,AU,2022-03-17 23:41:06,-23.5333,148.1667,81.34,54,49,9.22
462,Kununurra,AU,2022-03-17 23:45:18,-15.7667,128.7333,82.38,74,100,1.14
463,Gazanjyk,TM,2022-03-17 23:45:19,39.2446,55.5154,40.77,66,51,9.55
464,San Carlos De Bariloche,AR,2022-03-17 23:45:19,-41.1456,-71.3082,51.55,58,0,11.5
465,Sibolga,ID,2022-03-17 23:45:19,1.7427,98.7792,75.9,86,100,2.75
466,Puyang,CN,2022-03-17 23:45:20,29.4603,119.8861,50.95,88,100,2.8
467,Kousseri,CM,2022-03-17 23:45:20,12.0769,15.0306,76.96,9,94,10.36
468,Golynki,RU,2022-03-17 23:45:21,54.8696,31.3861,13.32,94,10,1.57
469,Sinnamary,GF,2022-03-17 23:45:21,5.3833,-52.95,77.0,87,81,13.15
470,Krasnogorskoye,RU,2022-03-17 23:45:21,52.2953,86.1979,-9.18,100,100,2.55
471,Tanout,NE,2022-03-17 23:45:22,14.9709,8.8879,70.7,10,41,11.61
472,Ostrovnoy,RU,2022-03-17 23:45:22,68.0531,39.5131,30.81,81,46,21.99
473,Coahuayana,MX,2022-03-17 23:45:22,18.7333,-103.6833,83.03,35,11,5.41
474,Hualmay,PE,2022-03-17 23:45:23,-11.0964,-77.6139,72.54,77,39,11.12
475,Gazojak,TM,2022-03-17 23:45:23,41.1875,61.4036,32.5,71,3,3.76
476,Caravelas,BR,2022-03-17 23:45:24,-17.7125,-39.2481,76.1,83,8,4.74
477,Bantogon,PH,2022-03-17 23:45:24,6.5333,124.0333,81.32,74,91,2.26
478,Sao Paulo De Olivenca,BR,2022-03-17 23:45:24,-3.3783,-68.8725,74.97,93,43,1.1
479,Mayo,US,2022-03-17 23:45:25,38.8876,-76.5119,59.56,96,100,4.61
480,Aykhal,RU,2022-03-17 23:45:25,66.0,111.5,-16.62,100,100,9.55
481,Kendari,ID,2022-03-17 23:45:26,-3.945,122.4989,80.49,88,100,4.61
482,Shimoda,JP,2022-03-17 23:45:26,34.6667,138.95,46.76,82,100,19.82
483,Yeppoon,AU,2022-03-17 23:45:27,-23.1333,150.7333,80.38,72,50,14.72
484,Teya,RU,2022-03-17 23:45:27,60.3778,92.6267,4.1,99,98,1.63
485,Yumen,CN,2022-03-17 23:45:27,40.2833,97.2,39.31,67,100,9.17
486,Kutum,SD,2022-03-17 23:45:28,14.2,24.6667,54.23,16,99,7.38
487,Sao Lourenco Do Sul,BR,2022-03-17 23:45:28,-31.3653,-51.9783,72.01,88,100,7.29
488,Manuk Mangkaw,PH,2022-03-17 23:45:28,4.8,119.85,82.27,75,94,5.88
489,Pioner,RU,2022-03-17 23:45:29,55.3166,85.9508,9.84,61,0,2.24
490,Touros,BR,2022-03-17 23:45:29,-5.1989,-35.4608,81.01,79,100,13.71
491,Ampanihy,MG,2022-03-17 23:45:30,-24.7,44.75,74.75,91,91,7.4
492,Urumqi,CN,2022-03-17 23:45:30,43.801,87.6005,32.95,93,75,0.0
493,Basoko,CD,2022-03-17 23:45:31,1.2391,23.616,74.07,72,96,2.93
494,Porto Empedocle,IT,2022-03-17 23:45:31,37.2934,13.5264,53.19,78,97,19.69
495,Akyab,MM,2022-03-17 23:45:31,20.15,92.9,71.31,82,100,4.76
496,Tomatlan,MX,2022-03-17 23:45:32,19.9333,-105.25,83.84,24,2,9.31
497,Vanavara,RU,2022-03-17 23:45:32,60.34,102.2797,-9.38,100,98,1.5
498,Fredericksburg,US,2022-03-17 23:45:33,38.3032,-77.4605,61.77,84,0,5.75
499,Zhigansk,RU,2022-03-17 23:45:33,66.7697,123.3711,-14.98,100,100,11.41
500,Muisne,EC,2022-03-17 23:45:33,0.6,-80.0333,78.3,82,16,3.27
501,Zharkovskiy,RU,2022-03-17 23:45:34,55.849,32.2697,19.27,95,8,2.06
502,Sechura,PE,2022-03-17 23:45:34,-5.5569,-80.8222,78.94,59,98,16.31
503,Asfi,MA,2022-03-17 23:45:35,32.2994,-9.2372,57.06,88,0,11.23
504,Agadez,NE,2022-03-17 23:45:35,19.75,10.25,72.27,10,68,8.88
505,Kisangani,CD,2022-03-17 23:45:35,0.5167,25.2,71.85,77,65,1.83
506,Lerwick,GB,2022-03-17 23:45:36,60.1545,-1.1494,42.8,69,64,18.68
507,Assiniboia,CA,2022-03-17 23:45:36,49.6334,-105.9845,46.22,49,6,6.91
508,Taltal,CL,2022-03-17 23:45:26,-25.4,-70.4833,70.25,71,28,5.32
509,Gutierrez,CO,2022-03-17 23:45:37,4.2547,-74.0025,56.59,95,75,1.1
510,Turtas,RU,2022-03-17 23:45:37,58.9417,69.1325,-2.67,100,94,2.21
511,Urucara,BR,2022-03-17 23:45:38,-2.5364,-57.76,75.72,95,51,0.56
512,Bose,IT,2022-03-17 23:45:38,45.4612,8.0137,49.77,87,100,3.29
513,Huarmey,PE,2022-03-17 23:45:38,-10.0681,-78.1522,73.24,76,64,9.95
514,Yamada,JP,2022-03-17 23:45:39,39.4667,141.95,39.69,62,100,3.87
515,Yuzhno-Kurilsk,RU,2022-03-17 23:45:39,44.0306,145.8556,31.75,85,90,5.32
516,Oelde,DE,2022-03-17 23:45:40,51.8167,8.15,41.36,84,3,2.57
517,Meiganga,CM,2022-03-17 23:45:40,6.5167,14.3,72.09,21,100,5.84
518,Warrnambool,AU,2022-03-17 23:45:40,-38.3833,142.4833,65.8,75,97,14.41
519,Sucua,EC,2022-03-17 23:45:41,-2.4667,-78.1667,75.94,73,40,2.3
520,Lupiro,TZ,2022-03-17 23:45:41,-8.3833,36.6667,71.06,99,96,4.41
521,Dhidhdhoo,MV,2022-03-17 23:45:42,6.8833,73.1,82.58,72,87,9.37
522,Port Augusta,AU,2022-03-17 23:45:42,-32.5,137.7667,81.97,38,0,9.42
523,Manzhouli,CN,2022-03-17 23:45:42,49.6,117.4333,2.19,84,14,2.51
524,Indiana,US,2022-03-17 23:45:43,40.0003,-86.2503,69.57,52,0,3.44
525,Koumac,NC,2022-03-17 23:45:43,-20.5667,164.2833,82.31,71,99,3.8
526,Dauphin,CA,2022-03-17 23:45:43,51.1494,-100.0502,35.74,75,0,10.36
527,Tateyama,JP,2022-03-17 23:45:44,34.9833,139.8667,48.13,76,75,12.66
528,Paita,PE,2022-03-17 23:45:44,-5.0892,-81.1144,76.71,73,100,13.62
529,San Pedro,PH,2022-03-17 23:45:45,14.35,121.0167,83.26,82,20,2.3
530,Ixtapa,MX,2022-03-17 23:45:45,20.7,-105.2,76.23,75,13,5.99
531,Emmett,US,2022-03-17 23:45:45,43.8735,-116.4993,57.36,29,100,4.0
532,Kropotkin,RU,2022-03-17 23:45:46,45.4375,40.5756,25.81,72,100,13.89
533,Zhangye,CN,2022-03-17 23:45:47,38.9342,100.4517,41.54,70,63,6.33
534,Baker City,US,2022-03-17 23:45:47,44.7749,-117.8344,48.6,47,0,16.11
535,Axim,GH,2022-03-17 23:45:47,4.8699,-2.2405,80.29,87,74,7.92
536,Talnakh,RU,2022-03-17 23:45:48,69.4865,88.3972,13.21,96,100,12.77
537,Belmonte,BR,2022-03-17 23:45:48,-15.8631,-38.8828,77.65,82,7,7.0
538,Rockhampton,AU,2022-03-17 23:45:48,-23.3833,150.5,80.49,61,20,11.5
539,Luganville,VU,2022-03-17 23:45:49,-15.5333,167.1667,86.65,67,94,5.59
540,Vestmanna,FO,2022-03-17 23:45:49,62.1564,-7.1664,36.52,70,75,21.85
541,Dicabisagan,PH,2022-03-17 23:45:49,17.0818,122.4157,80.55,76,72,4.41
542,Pathalgaon,IN,2022-03-17 23:45:50,22.5667,83.4667,67.57,40,79,5.17
543,Gravdal,NO,2022-03-17 23:45:50,68.1214,13.5031,38.14,94,100,17.13
544,Killybegs,IE,2022-03-17 23:45:50,54.6333,-8.45,39.9,77,53,8.95
545,Tilichiki,RU,2022-03-17 23:45:51,60.4667,166.1,3.6,69,2,7.27
546,Masuda,JP,2022-03-17 23:45:51,34.6667,131.85,48.47,100,100,2.3
547,Kilinochchi,LK,2022-03-17 23:45:52,9.3961,80.3982,73.76,89,75,4.38
548,Bambanglipuro,ID,2022-03-17 23:45:52,-7.95,110.2833,79.14,89,100,2.66
549,Weihe,CN,2022-03-17 23:45:52,32.9952,105.3247,54.46,90,24,2.26
550,Kampene,CD,2022-03-17 23:45:53,-3.6,26.6667,66.02,97,100,2.57
551,Bull Savanna,JM,2022-03-17 23:45:53,17.8868,-77.5902,74.77,77,6,13.09
552,Muros,ES,2022-03-17 23:45:53,42.7762,-9.0603,51.1,51,27,21.23
553,Brigantine,US,2022-03-17 23:45:54,39.4101,-74.3646,57.4,95,100,10.36
554,Puerto Baquerizo Moreno,EC,2022-03-17 23:45:54,-0.9,-89.6,80.58,70,34,5.32
555,Itoman,JP,2022-03-17 23:45:55,26.1247,127.6694,70.57,94,75,21.85
556,Chaumont,FR,2022-03-17 23:45:55,48.1167,5.1333,42.37,76,100,15.37
557,Aleksandrovskoye,RU,2022-03-17 23:45:56,44.7142,43.0008,23.31,71,90,11.77
558,Quelimane,MZ,2022-03-17 23:45:56,-17.8786,36.8883,74.28,96,99,3.4
559,Baghdad,IQ,2022-03-17 23:45:08,33.3406,44.4009,44.51,39,0,2.3
560,Chabahar,IR,2022-03-17 23:45:57,25.2919,60.643,76.01,81,0,17.29
561,Beyneu,KZ,2022-03-17 23:45:57,45.3167,55.2,28.06,78,13,6.53
562,Verkhovazhye,RU,2022-03-17 23:45:57,60.7472,42.0465,26.51,98,98,3.65
563,Soria,ES,2022-03-17 23:45:58,41.6667,-2.6667,39.85,91,100,10.22
564,Udachnyy,RU,2022-03-17 23:45:58,66.4167,112.4,-14.84,97,90,8.59
565,Columbus,US,2022-03-17 23:43:37,39.9612,-82.9988,70.21,41,75,8.05
566,Zavyalovo,RU,2022-03-17 23:45:59,54.5053,82.4484,-10.71,100,100,0.96
567,Kieta,PG,2022-03-17 23:45:59,-6.2167,155.6333,85.26,66,46,6.33
568,Birecik,TR,2022-03-17 23:45:59,37.0294,37.9903,40.21,89,96,2.08
569,Lamu,KE,2022-03-17 23:46:00,-2.2717,40.902,79.02,84,24,10.38
570,Riyadh,SA,2022-03-17 23:45:00,24.6877,46.7219,48.34,14,0,7.99
571,Talaya,RU,2022-03-17 23:46:00,61.3833,152.75,1.94,53,82,2.01
572,Riberalta,BO,2022-03-17 23:46:01,-10.9833,-66.1,84.4,74,75,6.91
573,Shenzhen,CN,2022-03-17 23:42:55,22.5455,114.0683,77.07,97,40,1.7
574,Jardim,BR,2022-03-17 23:46:01,-21.4803,-56.1381,80.55,64,78,4.38
575,Bulgan,MN,2022-03-17 23:46:02,48.8125,103.5347,7.68,92,51,1.34
576,Comodoro Rivadavia,AR,2022-03-17 23:41:05,-45.8667,-67.5,51.66,35,0,5.75
577,Bowen,AU,2022-03-17 23:46:02,-20.0167,148.2333,81.91,64,100,15.46
578,Porirua,NZ,2022-03-17 23:46:03,-41.1333,174.85,64.54,59,7,9.8
579,Abu Dhabi,AE,2022-03-17 23:42:21,24.4667,54.3667,68.11,69,40,13.8
580,Pontes E Lacerda,BR,2022-03-17 23:46:03,-15.2261,-59.3353,73.9,95,100,2.44
581,Puerto Escondido,MX,2022-03-17 23:45:50,15.85,-97.0667,81.43,74,0,11.5
582,Djibo,BF,2022-03-17 23:46:04,14.1022,-1.6306,83.05,20,64,2.01
583,Koslan,RU,2022-03-17 23:46:04,63.4564,48.8989,24.73,98,98,5.28
584,Calabozo,VE,2022-03-17 23:46:05,8.9242,-67.4293,84.83,45,85,4.83
585,Matadi,CD,2022-03-17 23:46:05,-5.8167,13.45,75.36,95,94,1.14
586,Grand Junction,US,2022-03-17 23:46:05,39.0639,-108.5507,51.17,24,0,8.05
587,Xingtai,CN,2022-03-17 23:42:26,37.0631,114.4942,35.31,35,99,3.67
588,Launceston,AU,2022-03-17 23:46:06,-41.45,147.1667,68.81,57,40,17.27
589,Maragogi,BR,2022-03-17 23:46:07,-9.0122,-35.2225,79.0,83,94,8.7
590,Brae,GB,2022-03-17 23:46:07,60.3964,-1.353,39.87,72,85,17.76
591,Norrkoping,SE,2022-03-17 23:44:26,58.5942,16.1826,42.78,75,100,8.05
592,Makow Mazowiecki,PL,2022-03-17 23:46:08,52.8649,21.1005,28.89,57,0,7.31
593,Orange Walk,BZ,2022-03-17 23:46:08,17.8333,-88.8333,78.57,73,3,6.62
594,Arlit,NE,2022-03-17 23:46:09,18.7369,7.3853,76.71,10,90,8.39
595,Veraval,IN,2022-03-17 23:46:09,20.9,70.3667,77.54,51,48,11.3
596,Barcelona,ES,2022-03-17 23:46:09,41.3888,2.159,61.84,69,20,13.8
597,Magadi,IN,2022-03-17 23:46:10,12.9667,77.2333,69.13,38,98,4.68
598,Waw,SS,2022-03-17 23:46:10,7.7029,27.9953,74.17,15,12,4.88
599,Alekseyevka,RU,2022-03-17 23:46:11,50.6309,38.6903,12.11,97,98,6.73
600,Elizabeth City,US,2022-03-17 23:46:11,36.2946,-76.2511,62.62,87,20,12.66
601,Pahrump,US,2022-03-17 23:45:50,36.2083,-115.9839,70.25,12,96,3.0
602,Manoharpur,IN,2022-03-17 23:46:11,27.3,75.95,70.32,37,24,2.84
603,Logansport,US,2022-03-17 23:45:00,40.7545,-86.3567,70.52,16,40,6.91
604,Fare,PF,2022-03-17 23:46:12,-16.7,-151.0167,80.42,66,0,2.17
605,Milkovo,RU,2022-03-17 23:46:12,54.7167,158.6167,20.68,85,99,6.24
606,Severobaykalsk,RU,2022-03-17 23:46:13,55.65,109.3167,1.08,94,99,2.71
607,Narsaq,GL,2022-03-17 23:46:13,60.9167,-46.05,5.22,69,84,9.26
608,Yerbogachen,RU,2022-03-17 23:46:14,61.2767,108.0108,-16.33,100,100,1.9
609,Wardha,IN,2022-03-17 23:46:14,20.75,78.6167,80.37,21,52,5.03
610,Miguel Hidalgo,MX,2022-03-17 23:46:15,19.4225,-99.2028,72.59,35,75,16.11
611,Corn Island,NI,2022-03-17 23:46:15,12.1694,-83.0418,81.03,76,11,13.56
612,Ayagoz,KZ,2022-03-17 23:46:16,47.9714,80.4392,14.88,90,100,13.65
613,Azanka,RU,2022-03-17 23:46:16,58.0401,64.7893,8.71,100,99,3.33
614,Kidal,ML,2022-03-17 23:46:16,18.4411,1.4078,82.69,14,90,5.19
615,Hwange,ZW,2022-03-17 23:46:17,-18.3693,26.5019,65.61,91,100,6.17
616,Collie,AU,2022-03-17 23:46:17,-33.3667,116.15,70.21,59,99,2.68
617,Dukat,RU,2022-03-17 23:46:17,62.55,155.55,11.59,59,10,5.3
618,Pasighat,IN,2022-03-17 23:46:18,28.0667,95.3333,69.17,44,9,2.89
619,Kapit,MY,2022-03-17 23:46:18,2.0167,112.9333,74.59,100,100,0.69
620,Angoram,PG,2022-03-17 23:46:19,-4.0625,144.0661,84.47,74,47,3.4
621,Oberkirch,DE,2022-03-17 23:46:19,48.5324,8.0786,46.35,87,100,5.99
622,Mangrol,IN,2022-03-17 23:42:49,21.1167,70.1167,76.86,55,43,10.45
623,Suoyarvi,RU,2022-03-17 23:46:20,62.0833,32.35,21.22,100,82,3.6
624,Tabou,CI,2022-03-17 23:46:20,4.423,-7.3528,79.56,89,30,6.26
625,Ambon,ID,2022-03-17 23:46:20,-3.6954,128.1814,84.34,74,20,2.3
626,Louth,GB,2022-03-17 23:46:21,53.3666,-0.0044,45.68,87,38,9.22
627,Avera,US,2022-03-17 23:46:21,33.194,-82.5271,69.31,60,4,3.62
628,Ekhabi,RU,2022-03-17 23:46:22,53.5102,142.9671,22.64,89,100,7.07
629,Barra Patuca,HN,2022-03-17 23:46:22,15.8,-84.2833,78.93,75,5,11.14
630,Tomohon,ID,2022-03-17 23:46:22,1.3346,124.8392,68.94,77,89,0.87
631,Chernenko,RU,2022-03-17 23:46:23,44.365,39.3103,24.76,92,100,5.03
632,Swindon,GB,2022-03-17 23:46:23,51.558,-1.7812,47.05,94,0,5.75
633,Banda Aceh,ID,2022-03-17 23:41:51,5.5577,95.3222,78.69,81,100,7.02
634,Baiyin,CN,2022-03-17 23:46:24,36.5583,104.2081,43.88,62,50,3.4
635,Conceicao Da Barra,BR,2022-03-17 23:46:24,-18.5933,-39.7322,75.9,81,1,5.48
636,Banes,CU,2022-03-17 23:46:24,20.9625,-75.7186,77.16,80,11,9.51
637,Thunder Bay,CA,2022-03-17 23:45:12,48.4001,-89.3168,39.18,75,75,9.22
638,Tsaratanana,MG,2022-03-17 23:46:25,-16.7833,47.65,74.64,95,100,1.81
639,Marfino,RU,2022-03-17 23:46:25,55.7028,37.3822,19.54,61,0,2.24
640,Quang Ngai,VN,2022-03-17 23:42:54,15.1167,108.8,74.5,83,31,3.0
641,Straumen,NO,2022-03-17 23:46:26,63.8709,11.2999,41.0,85,99,2.46
642,Villa Rica,US,2022-03-17 23:46:26,33.7321,-84.9191,72.34,73,48,3.04
643,Asau,RO,2022-03-17 23:46:27,46.4333,26.4,28.96,53,80,4.43
644,Payyannur,IN,2022-03-17 23:46:31,12.1,75.2,75.47,91,81,4.07
645,Terrace,CA,2022-03-17 23:46:31,54.5163,-128.6035,44.51,75,75,21.85
646,Hudson Bay,CA,2022-03-17 23:46:32,52.85,-102.3842,33.4,98,89,6.17
647,Dubbo,AU,2022-03-17 23:42:30,-32.25,148.6167,71.73,78,73,8.05
648,Itarema,BR,2022-03-17 23:46:32,-2.9248,-39.9167,77.16,88,99,7.14
649,Lander,US,2022-03-17 23:43:09,42.833,-108.7307,42.17,47,0,3.44
650,Buchanan,LR,2022-03-17 23:46:33,5.8808,-10.0467,79.09,90,49,5.53
651,Xining,CN,2022-03-17 23:46:33,36.6167,101.7667,42.51,45,26,1.43
652,Louga,RU,2022-03-17 23:46:36,58.7372,29.8453,25.11,95,5,3.27
653,Mmabatho,ZA,2022-03-17 23:46:37,-25.85,25.6333,60.76,94,82,5.75
654,Mackenzie,CA,2022-03-17 23:46:37,55.2999,-123.1698,43.02,42,75,3.44
655,Beihai,CN,2022-03-17 23:46:37,21.4833,109.1,72.59,85,55,3.18
656,Tigre,AR,2022-03-17 23:46:38,-34.426,-58.5796,81.23,76,0,1.14
657,Ponta Pora,BR,2022-03-17 23:46:38,-22.5361,-55.7256,77.32,56,69,5.61
658,Semirom,IR,2022-03-17 23:46:38,31.4167,51.5667,24.39,68,0,1.79
659,Atar,MR,2022-03-17 23:46:39,20.5169,-13.0499,67.28,37,0,9.42
660,Chifeng,CN,2022-03-17 23:46:39,42.2683,118.9636,19.63,84,100,11.05
661,Sidney,AU,2022-03-17 23:42:06,-33.8679,151.2073,78.76,80,75,8.05
662,Kenai,US,2022-03-17 23:44:19,60.5544,-151.2583,33.03,64,100,12.66
663,Teguldet,RU,2022-03-17 23:46:40,57.3064,88.1667,12.0,98,100,3.33
664,Mao,ES,2022-03-17 23:43:11,39.8885,4.2658,54.16,87,20,16.11
665,Teplodar,UA,2022-03-17 23:46:40,46.5059,30.3252,25.83,62,12,11.39
666,Makakilo City,US,2022-03-17 23:45:50,21.3469,-158.0858,82.72,52,75,14.97
667,Labuan,MY,2022-03-17 23:46:41,5.2767,115.2417,79.16,100,20,0.0
668,Tazovskiy,RU,2022-03-17 23:46:41,67.4667,78.7,23.32,93,100,18.41
669,Najran,SA,2022-03-17 23:46:42,17.4924,44.1277,56.05,36,1,1.79
670,Chapais,CA,2022-03-17 23:46:42,49.7834,-74.8492,37.18,99,100,5.28
671,Flinders,AU,2022-03-17 23:46:43,-34.5833,150.8552,80.06,80,99,1.99
672,Zaria,NG,2022-03-17 23:46:43,11.1113,7.7227,72.48,16,94,8.9
673,Shaunavon,CA,2022-03-17 23:46:43,49.6501,-108.4181,44.38,51,23,9.26
674,Banjar,ID,2022-03-17 23:46:44,-8.19,114.9675,81.21,83,99,4.05
675,Bayan,CN,2022-03-17 23:46:44,46.0833,127.4,12.29,79,27,2.19
676,Vardo,NO,2022-03-17 23:46:44,70.3705,31.1107,34.45,86,95,28.39
677,Huntersville,US,2022-03-17 23:45:01,35.4107,-80.8429,71.46,65,56,4.52
678,Paso De Patria,AR,2022-03-17 23:46:45,-27.2454,-58.5454,84.25,32,26,4.21
679,Punta Cardon,VE,2022-03-17 23:46:45,11.6581,-70.215,78.17,74,8,29.39
680,Beroroha,MG,2022-03-17 23:46:45,-21.6667,45.1667,72.61,94,100,4.61
681,Maracaibo,VE,2022-03-17 23:46:46,10.6317,-71.6406,80.98,70,28,15.66
682,Monrovia,LR,2022-03-17 23:46:46,6.3005,-10.7969,76.77,91,6,6.29
683,Lisala,CD,2022-03-17 23:46:47,2.15,21.5167,73.71,72,100,2.15
684,Tirlyanskiy,RU,2022-03-17 23:46:47,54.2109,58.5806,6.55,98,94,3.29
685,Bauchi,NG,2022-03-17 23:46:47,10.5,10.0,71.69,18,35,4.76
686,Shetpe,KZ,2022-03-17 23:46:48,44.1667,52.1167,28.76,82,83,10.56
687,Oytal,KZ,2022-03-17 23:46:48,42.9057,73.2697,38.14,98,100,4.29
688,Awjilah,LY,2022-03-17 23:46:48,29.1081,21.2869,56.82,29,0,10.27
689,Pemangkat,ID,2022-03-17 23:46:49,1.1667,108.9667,80.28,80,100,2.06
690,Pointe Michel,DM,2022-03-17 23:46:49,15.25,-61.3833,75.49,78,11,18.7
691,Honningsvag,NO,2022-03-17 23:46:49,70.9821,25.9704,36.86,82,100,21.05
692,Kapoeta,SS,2022-03-17 23:46:50,4.7717,33.5903,78.87,36,20,1.19
693,Colac,AU,2022-03-17 23:46:50,-38.3333,143.5833,62.17,79,91,7.63
694,Syamzha,RU,2022-03-17 23:46:50,60.0158,41.0614,30.96,86,100,4.03
695,Emba,KZ,2022-03-17 23:46:51,48.8264,58.1442,2.23,86,100,8.21
696,Amparafaravola,MG,2022-03-17 23:46:51,-17.5833,48.2167,67.53,98,99,1.5
697,Marquette,US,2022-03-17 23:46:52,46.5333,-87.6335,37.81,75,100,4.72
698,Mobaye,CF,2022-03-17 23:46:52,4.319,21.1786,75.15,44,100,4.59
699,Gigmoto,PH,2022-03-17 23:46:53,13.7796,124.39,81.64,78,56,5.59
700,Buraydah,SA,2022-03-17 23:46:53,26.326,43.975,46.85,14,0,5.14
701,Bilibino,RU,2022-03-17 23:46:54,68.0546,166.4372,-10.35,94,94,1.32
702,Hearst,CA,2022-03-17 23:46:54,49.6835,-83.6665,26.85,98,100,4.43
703,Tullow,IE,2022-03-17 23:46:54,52.8003,-6.7369,41.25,89,19,1.63
